PULocationID,pickup_zone,trip_count,total_revenue,window,rank,window_trips,window_hours,trip_share,trips_per_hour
236,Upper East Side North,238294,4900989.2300000004,Weekday mornings,1,3578390,786,0.0665925179,303.1730279898
237,Upper East Side South,178126,3406499.9399999999,Weekday mornings,2,3578390,786,0.0497782522,226.6234096692
186,Penn Station/Madison Sq West,165649,3595650.8300000001,Weekday mornings,3,3578390,786,0.0462914886,210.7493638677
162,Midtown East,132971,3031917.7000000002,Weekday mornings,4,3578390,786,0.0371594488,169.1743002545
239,Upper West Side South,125436,2848883.8500000001,Weekday mornings,5,3578390,786,0.0350537532,159.5877862595
238,Upper West Side North,112905,2582903.7400000002,Weekday mornings,6,3578390,786,0.0315518990,143.6450381679
262,Yorkville East,112898,2530236.2900000000,Weekday mornings,7,3578390,786,0.0315499429,143.6361323155
142,Lincoln Square East,108739,2343037.5099999998,Weekday mornings,8,3578390,786,0.0303876883,138.3447837150
140,Lenox Hill East,108415,2445099.7999999998,Weekday mornings,9,3578390,786,0.0302971448,137.9325699746
170,Murray Hill,108181,2394165.1200000001,Weekday mornings,10,3578390,786,0.0302317523,137.6348600509
132,JFK Airport,107382,8630304.5199999996,Weekday mornings,11,3578390,786,0.0300084675,136.6183206107
161,Midtown Center,107291,2668074.3500000001,Weekday mornings,12,3578390,786,0.0299830371,136.5025445293
141,Lenox Hill West,105998,2224842.8100000001,Weekday mornings,13,3578390,786,0.0296217014,134.8575063613
263,Yorkville West,97531,2142980.8700000001,Weekday mornings,14,3578390,786,0.0272555535,124.0852417303
138,LaGuardia Airport,91087,6705309.6100000003,Weekday mornings,15,3578390,786,0.0254547436,115.8867684478
230,Times Sq/Theatre District,84719,2816328.5600000001,Weekday mornings,16,3578390,786,0.0236751724,107.7849872774
229,Sutton Place/Turtle Bay North,83971,1836291.4099999999,Weekday mornings,17,3578390,786,0.0234661398,106.8333333333
107,Gramercy,83769,1748179.5400000000,Weekday mornings,18,3578390,786,0.0234096898,106.5763358779
48,Clinton East,79912,1800131.0000000000,Weekday mornings,19,3578390,786,0.0223318308,101.6692111959
143,Lincoln Square West,71553,1552744.0600000001,Weekday mornings,20,3578390,786,0.0199958641,91.0343511450
68,East Chelsea,71552,1753127.5300000000,Weekday mornings,21,3578390,786,0.0199955846,91.0330788804
163,Midtown North,68196,1782931.3600000001,Weekday mornings,22,3578390,786,0.0190577327,86.7633587786
234,Union Sq,62030,1279588.7300000000,Weekday mornings,23,3578390,786,0.0173346114,78.9185750636
100,Garment District,59051,1327850.5600000001,Weekday mornings,24,3578390,786,0.0165021141,75.1284987277
164,Midtown South,57347,1346734.8500000001,Weekday mornings,25,3578390,786,0.0160259223,72.9605597964
79,East Village,54591,1224854.1799999999,Weekday mornings,26,3578390,786,0.0152557435,69.4541984733
249,West Village,50919,1093950.8700000001,Weekday mornings,27,3578390,786,0.0142295837,64.7824427481
90,Flatiron,49021,1040745.0200000000,Weekday mornings,28,3578390,786,0.0136991776,62.3676844784
233,UN/Turtle Bay South,47877,1169140.8200000001,Weekday mornings,29,3578390,786,0.0133794807,60.9122137405
151,Manhattan Valley,46657,1064856.3100000001,Weekday mornings,30,3578390,786,0.0130385453,59.3600508906
43,Central Park,45238,983222.9000000000,Weekday mornings,31,3578390,786,0.0126419982,57.5547073791
113,Greenwich Village North,43477,950023.4500000000,Weekday mornings,32,3578390,786,0.0121498775,55.3142493639
137,Kips Bay,40103,831626.9300000001,Weekday mornings,33,3578390,786,0.0112069953,51.0216284987
231,TriBeCa/Civic Center,39561,1026413.7500000000,Weekday mornings,34,3578390,786,0.0110555306,50.3320610687
75,East Harlem South,33463,736300.6800000001,Weekday mornings,35,3578390,786,0.0093514122,42.5737913486
246,West Chelsea/Hudson Yards,31179,751327.1700000000,Weekday mornings,36,3578390,786,0.0087131364,39.6679389313
50,Clinton West,29522,740913.3199999999,Weekday mornings,37,3578390,786,0.0082500789,37.5597964377
13,Battery Park City,21093,655283.9300000001,Weekday mornings,38,3578390,786,0.0058945503,26.8358778626
166,Morningside Heights,20969,498311.4800000000,Weekday mornings,39,3578390,786,0.0058598979,26.6781170483
158,Meatpacking/West Village West,20201,516168.7400000000,Weekday mornings,40,3578390,786,0.0056452762,25.7010178117
125,Hudson Sq,16725,406899.8600000000,Weekday mornings,41,3578390,786,0.0046738897,21.2786259542
41,Central Harlem,16557,372897.2300000000,Weekday mornings,42,3578390,786,0.0046269412,21.0648854962
114,Greenwich Village South,16091,350161.1100000000,Weekday mornings,43,3578390,786,0.0044967150,20.4720101781
24,Bloomingdale,15892,382147.5400000000,Weekday mornings,44,3578390,786,0.0044411034,20.2188295165
87,Financial District North,15315,488594.0600000000,Weekday mornings,45,3578390,786,0.0042798577,19.4847328244
74,East Harlem North,14953,340977.3800000000,Weekday mornings,46,3578390,786,0.0041786949,19.0241730280
148,Lower East Side,14571,393829.7400000000,Weekday mornings,47,3578390,786,0.0040719430,18.5381679389
264,Unknown,11845,354283.2900000000,Weekday mornings,48,3578390,786,0.0033101479,15.0699745547
211,SoHo,11143,277469.4600000000,Weekday mornings,49,3578390,786,0.0031139702,14.1768447837
70,East Elmhurst,11125,787294.9399999999,Weekday mornings,50,3578390,786,0.0031089401,14.1539440204
42,Central Harlem North,10834,274919.9600000000,Weekday mornings,51,3578390,786,0.0030276186,13.7837150127
224,Stuy Town/Peter Cooper Village,9983,232503.1700000000,Weekday mornings,52,3578390,786,0.0027898021,12.7010178117
144,Little Italy/NoLiTa,9956,240742.6600000000,Weekday mornings,53,3578390,786,0.0027822568,12.6666666667
261,World Trade Center,9294,309254.6900000000,Weekday mornings,54,3578390,786,0.0025972574,11.8244274809
116,Hamilton Heights,8052,223345.6000000000,Weekday mornings,55,3578390,786,0.0022501740,10.2442748092
4,Alphabet City,7074,176685.3100000000,Weekday mornings,56,3578390,786,0.0019768667,9.0000000000
232,Two Bridges/Seward Park,5776,161077.2500000000,Weekday mornings,57,3578390,786,0.0016141337,7.3486005089
244,Washington Heights South,5230,153387.3200000000,Weekday mornings,58,3578390,786,0.0014615511,6.6539440204
61,Crown Heights North,5157,158414.2200000000,Weekday mornings,59,3578390,786,0.0014411509,6.5610687023
76,East New York,4320,147131.8400000000,Weekday mornings,60,3578390,786,0.0012072468,5.4961832061
33,Brooklyn Heights,4290,147062.6600000000,Weekday mornings,61,3578390,786,0.0011988632,5.4580152672
152,Manhattanville,4121,97904.8900000000,Weekday mornings,62,3578390,786,0.0011516352,5.2430025445
39,Canarsie,4112,136181.4900000000,Weekday mornings,63,3578390,786,0.0011491201,5.2315521628
88,Financial District South,4066,133051.8500000000,Weekday mornings,64,3578390,786,0.0011362652,5.1730279898
226,Sunnyside,3895,140431.0900000000,Weekday mornings,65,3578390,786,0.0010884783,4.9554707379
209,Seaport,3690,122334.4000000000,Weekday mornings,66,3578390,786,0.0010311900,4.6946564885
89,Flatbush/Ditmas Park,3287,109744.8200000000,Weekday mornings,67,3578390,786,0.0009185695,4.1819338422
35,Brownsville,3063,93175.3000000000,Weekday mornings,68,3578390,786,0.0008559715,3.8969465649
188,Prospect-Lefferts Gardens,3022,94187.8100000000,Weekday mornings,69,3578390,786,0.0008445139,3.8447837150
65,Downtown Brooklyn/MetroTech,3007,98264.2000000000,Weekday mornings,70,3578390,786,0.0008403220,3.8256997455
7,Astoria,2980,89379.8600000000,Weekday mornings,71,3578390,786,0.0008327768,3.7913486005
225,Stuyvesant Heights,2866,87485.8600000000,Weekday mornings,72,3578390,786,0.0008009188,3.6463104326
45,Chinatown,2754,77480.5100000000,Weekday mornings,73,3578390,786,0.0007696199,3.5038167939
91,Flatlands,2753,86801.5100000000,Weekday mornings,74,3578390,786,0.0007693404,3.5025445293
52,Cobble Hill,2647,91173.4000000000,Weekday mornings,75,3578390,786,0.0007397181,3.3676844784
17,Bedford,2544,77468.9900000000,Weekday mornings,76,3578390,786,0.0007109342,3.2366412214
72,East Flatbush/Remsen Village,2517,75327.7800000000,Weekday mornings,77,3578390,786,0.0007033890,3.2022900763
49,Clinton Hill,2193,70933.3700000000,Weekday mornings,78,3578390,786,0.0006128454,2.7900763359
71,East Flatbush/Farragut,2156,64524.9800000000,Weekday mornings,79,3578390,786,0.0006025056,2.7430025445
97,Fort Greene,2111,62577.7400000000,Weekday mornings,80,3578390,786,0.0005899301,2.6857506361
177,Ocean Hill,2064,64516.1600000000,Weekday mornings,81,3578390,786,0.0005767957,2.6259541985
25,Boerum Hill,1964,66689.8400000000,Weekday mornings,82,3578390,786,0.0005488502,2.4987277354
40,Carroll Gardens,1872,64049.1800000000,Weekday mornings,83,3578390,786,0.0005231403,2.3816793893
216,South Ozone Park,1786,94525.4800000000,Weekday mornings,84,3578390,786,0.0004991071,2.2722646310
62,Crown Heights South,1776,52795.6100000000,Weekday mornings,85,3578390,786,0.0004963126,2.2595419847
145,Long Island City/Hunters Point,1732,74864.3400000000,Weekday mornings,86,3578390,786,0.0004840166,2.2035623410
146,Long Island City/Queens Plaza,1701,49941.3700000000,Weekday mornings,87,3578390,786,0.0004753534,2.1641221374
37,Bushwick South,1641,53352.9000000000,Weekday mornings,88,3578390,786,0.0004585861,2.0877862595
243,Washington Heights North,1627,54233.6500000000,Weekday mornings,89,3578390,786,0.0004546737,2.0699745547
10,Baisley Park,1623,93438.4500000000,Weekday mornings,90,3578390,786,0.0004535559,2.0648854962
66,DUMBO/Vinegar Hill,1590,49512.3800000000,Weekday mornings,91,3578390,786,0.0004443339,2.0229007634
129,Jackson Heights,1557,66908.4600000000,Weekday mornings,92,3578390,786,0.0004351119,1.9809160305
260,Woodside,1373,46015.5900000000,Weekday mornings,93,3578390,786,0.0003836921,1.7468193384
215,South Jamaica,1371,61239.2400000000,Weekday mornings,94,3578390,786,0.0003831332,1.7442748092
69,East Concourse/Concourse Village,1356,45290.5800000000,Weekday mornings,95,3578390,786,0.0003789414,1.7251908397
213,Soundview/Castle Hill,1355,50164.3800000000,Weekday mornings,96,3578390,786,0.0003786619,1.7239185751
168,Mott Haven/Port Morris,1342,42519.7300000000,Weekday mornings,97,3578390,786,0.0003750290,1.7073791349
55,Coney Island,1329,58455.4300000000,Weekday mornings,98,3578390,786,0.0003713961,1.6908396947
197,Richmond Hill,1271,49544.9100000000,Weekday mornings,99,3578390,786,0.0003551877,1.6170483461
181,Park Slope,1263,45305.1800000000,Weekday mornings,100,3578390,786,0.0003529520,1.6068702290
222,Starrett City,1248,45250.4500000000,Weekday mornings,101,3578390,786,0.0003487602,1.5877862595
85,Erasmus,1199,36427.3000000000,Weekday mornings,102,3578390,786,0.0003350669,1.5254452926
95,Forest Hills,1175,42601.1800000000,Weekday mornings,103,3578390,786,0.0003283600,1.4949109415
256,Williamsburg (South Side),1166,41346.8900000000,Weekday mornings,104,3578390,786,0.0003258449,1.4834605598
182,Parkchester,1126,46216.8900000000,Weekday mornings,105,3578390,786,0.0003146667,1.4325699746
179,Old Astoria,1099,33071.4400000000,Weekday mornings,106,3578390,786,0.0003071214,1.3982188295
14,Bay Ridge,1098,43208.6100000000,Weekday mornings,107,3578390,786,0.0003068419,1.3969465649
130,Jamaica,1087,46620.7900000000,Weekday mornings,108,3578390,786,0.0003037679,1.3829516539
205,Saint Albans,1086,45474.2200000000,Weekday mornings,109,3578390,786,0.0003034884,1.3816793893
247,West Concourse,1083,35099.4400000000,Weekday mornings,110,3578390,786,0.0003026501,1.3778625954
80,East Williamsburg,1070,35302.6200000000,Weekday mornings,111,3578390,786,0.0002990172,1.3613231552
193,Queensbridge/Ravenswood,1052,28153.4600000000,Weekday mornings,112,3578390,786,0.0002939870,1.3384223919
77,East New York/Pennsylvania Avenue,1051,32903.7000000000,Weekday mornings,113,3578390,786,0.0002937075,1.3371501272
117,Hammels/Arverne,1041,52347.9800000000,Weekday mornings,114,3578390,786,0.0002909130,1.3244274809
223,Steinway,1025,46566.5500000000,Weekday mornings,115,3578390,786,0.0002864417,1.3040712468
235,University Heights/Morris Heights,1002,35903.2300000000,Weekday mornings,116,3578390,786,0.0002800142,1.2748091603
218,Springfield Gardens North,982,39888.4600000000,Weekday mornings,117,3578390,786,0.0002744251,1.2493638677
210,Sheepshead Bay,942,38841.2500000000,Weekday mornings,118,3578390,786,0.0002632469,1.1984732824
51,Co-Op City,940,41814.6200000000,Weekday mornings,119,3578390,786,0.0002626880,1.1959287532
167,Morrisania/Melrose,912,28696.0200000000,Weekday mornings,120,3578390,786,0.0002548632,1.1603053435
195,Red Hook,911,50277.7200000000,Weekday mornings,121,3578390,786,0.0002545838,1.1590330789
63,Cypress Hills,898,30479.4100000000,Weekday mornings,122,3578390,786,0.0002509508,1.1424936387
82,Elmhurst,879,33214.7900000000,Weekday mornings,123,3578390,786,0.0002456412,1.1183206107
189,Prospect Heights,865,28393.7800000000,Weekday mornings,124,3578390,786,0.0002417288,1.1005089059
165,Midwood,843,24516.4900000000,Weekday mornings,125,3578390,786,0.0002355808,1.0725190840
254,Williamsbridge/Olinville,820,34203.5500000000,Weekday mornings,126,3578390,786,0.0002291533,1.0432569975
86,Far Rockaway,800,42549.8200000000,Weekday mornings,127,3578390,786,0.0002235642,1.0178117048
119,Highbridge,790,26444.8200000000,Weekday mornings,128,3578390,786,0.0002207697,1.0050890585
22,Bensonhurst West,787,27709.0000000000,Weekday mornings,129,3578390,786,0.0002199313,1.0012722646
258,Woodhaven,785,27538.6500000000,Weekday mornings,130,3578390,786,0.0002193724,0.9987277354
159,Melrose South,781,23309.2400000000,Weekday mornings,131,3578390,786,0.0002182546,0.9936386768
155,Marine Park/Mill Basin,777,27977.4000000000,Weekday mornings,132,3578390,786,0.0002171368,0.9885496183
191,Queens Village,764,31812.4200000000,Weekday mornings,133,3578390,786,0.0002135038,0.9720101781
134,Kew Gardens,759,39265.7100000000,Weekday mornings,134,3578390,786,0.0002121066,0.9656488550
78,East Tremont,745,27626.7400000000,Weekday mornings,135,3578390,786,0.0002081942,0.9478371501
169,Mount Hope,742,25139.2300000000,Weekday mornings,136,3578390,786,0.0002073558,0.9440203562
212,Soundview/Bruckner,724,26460.0900000000,Weekday mornings,137,3578390,786,0.0002023256,0.9211195929
56,Corona,719,27977.5900000000,Weekday mornings,138,3578390,786,0.0002009284,0.9147582697
26,Borough Park,707,23946.0100000000,Weekday mornings,139,3578390,786,0.0001975749,0.8994910941
29,Brighton Beach,706,32414.8000000000,Weekday mornings,140,3578390,786,0.0001972954,0.8982188295
112,Greenpoint,700,23082.5500000000,Weekday mornings,141,3578390,786,0.0001956187,0.8905852417
219,Springfield Gardens South,690,40438.1400000000,Weekday mornings,142,3578390,786,0.0001928241,0.8778625954
121,Hillcrest/Pomonok,688,24202.5100000000,Weekday mornings,143,3578390,786,0.0001922652,0.8753180662
157,Maspeth,688,22788.0700000000,Weekday mornings,144,3578390,786,0.0001922652,0.8753180662
28,Briarwood/Jamaica Hills,661,29581.3600000000,Weekday mornings,145,3578390,786,0.0001847199,0.8409669211
248,West Farms/Bronx River,652,23476.9200000000,Weekday mornings,146,3578390,786,0.0001822048,0.8295165394
133,Kensington,647,21952.1300000000,Weekday mornings,147,3578390,786,0.0001808076,0.8231552163
127,Inwood,633,21174.7500000000,Weekday mornings,148,3578390,786,0.0001768952,0.8053435115
255,Williamsburg (North Side),624,22985.4600000000,Weekday mornings,149,3578390,786,0.0001743801,0.7938931298
228,Sunset Park West,609,21867.4500000000,Weekday mornings,150,3578390,786,0.0001701883,0.7748091603
36,Bushwick North,604,20076.7500000000,Weekday mornings,151,3578390,786,0.0001687910,0.7684478372
241,Van Cortlandt Village,604,23200.4600000000,Weekday mornings,152,3578390,786,0.0001687910,0.7684478372
47,Claremont/Bathgate,596,22301.2600000000,Weekday mornings,153,3578390,786,0.0001665554,0.7582697201
198,Ridgewood,560,18244.8300000000,Weekday mornings,154,3578390,786,0.0001564950,0.7124681934
108,Gravesend,547,21742.5100000000,Weekday mornings,155,3578390,786,0.0001528620,0.6959287532
21,Bensonhurst East,541,19517.2600000000,Weekday mornings,156,3578390,786,0.0001511853,0.6882951654
265,Outside of NYC,528,36780.0800000000,Weekday mornings,157,3578390,786,0.0001475524,0.6717557252
196,Rego Park,525,21296.2800000000,Weekday mornings,158,3578390,786,0.0001467140,0.6679389313
259,Woodlawn/Wakefield,524,21963.6900000000,Weekday mornings,159,3578390,786,0.0001464346,0.6666666667
123,Homecrest,521,18896.7400000000,Weekday mornings,160,3578390,786,0.0001455962,0.6628498728
126,Hunts Point,521,17726.8700000000,Weekday mornings,161,3578390,786,0.0001455962,0.6628498728
18,Bedford Park,514,19430.1700000000,Weekday mornings,162,3578390,786,0.0001436400,0.6539440204
81,Eastchester,511,21014.7200000000,Weekday mornings,163,3578390,786,0.0001428017,0.6501272265
149,Madison,482,14994.7100000000,Weekday mornings,164,3578390,786,0.0001346974,0.6132315522
131,Jamaica Estates,481,18619.2100000000,Weekday mornings,165,3578390,786,0.0001344180,0.6119592875
60,Crotona Park East,478,16634.2600000000,Weekday mornings,166,3578390,786,0.0001335796,0.6081424936
250,Westchester Village/Unionport,467,17830.8400000000,Weekday mornings,167,3578390,786,0.0001305056,0.5941475827
147,Longwood,447,14128.6500000000,Weekday mornings,168,3578390,786,0.0001249165,0.5687022901
136,Kingsbridge Heights,446,16176.1900000000,Weekday mornings,169,3578390,786,0.0001246371,0.5674300254
83,Elmhurst/Maspeth,431,18855.6500000000,Weekday mornings,170,3578390,786,0.0001204452,0.5483460560
220,Spuyten Duyvil/Kingsbridge,421,16274.5600000000,Weekday mornings,171,3578390,786,0.0001176507,0.5356234097
208,Schuylerville/Edgewater Park,406,17155.8300000000,Weekday mornings,172,3578390,786,0.0001134588,0.5165394402
203,Rosedale,404,19975.8100000000,Weekday mornings,173,3578390,786,0.0001128999,0.5139949109
92,Flushing,399,15703.3000000000,Weekday mornings,174,3578390,786,0.0001115027,0.5076335878
124,Howard Beach,396,15288.9200000000,Weekday mornings,175,3578390,786,0.0001106643,0.5038167939
160,Middle Village,393,15075.8400000000,Weekday mornings,176,3578390,786,0.0001098259,0.5000000000
93,Flushing Meadows-Corona Park,391,30683.4100000000,Weekday mornings,177,3578390,786,0.0001092670,0.4974554707
135,Kew Gardens Hills,377,14837.9000000000,Weekday mornings,178,3578390,786,0.0001053546,0.4796437659
217,South Williamsburg,376,11205.3400000000,Weekday mornings,179,3578390,786,0.0001050752,0.4783715013
32,Bronxdale,370,14544.8700000000,Weekday mornings,180,3578390,786,0.0001033985,0.4707379135
12,Battery Park,354,10342.6300000000,Weekday mornings,181,3578390,786,0.0000989272,0.4503816794
257,Windsor Terrace,345,12821.0300000000,Weekday mornings,182,3578390,786,0.0000964121,0.4389312977
38,Cambria Heights,339,16536.4000000000,Weekday mornings,183,3578390,786,0.0000947353,0.4312977099
185,Pelham Parkway,338,12341.6000000000,Weekday mornings,184,3578390,786,0.0000944559,0.4300254453
227,Sunset Park East,337,11777.3700000000,Weekday mornings,185,3578390,786,0.0000941764,0.4287531807
106,Gowanus,333,11979.2100000000,Weekday mornings,186,3578390,786,0.0000930586,0.4236641221
54,Columbia Street,325,11861.1300000000,Weekday mornings,187,3578390,786,0.0000908230,0.4134860051
180,Ozone Park,322,12643.3500000000,Weekday mornings,188,3578390,786,0.0000899846,0.4096692112
139,Laurelton,319,14397.4900000000,Weekday mornings,189,3578390,786,0.0000891462,0.4058524173
242,Van Nest/Morris Park,308,12703.0000000000,Weekday mornings,190,3578390,786,0.0000860722,0.3918575064
200,Riverdale/North Riverdale/Fieldston,305,12313.4800000000,Weekday mornings,191,3578390,786,0.0000852339,0.3880407125
102,Glendale,302,9375.4600000000,Weekday mornings,192,3578390,786,0.0000843955,0.3842239186
3,Allerton/Pelham Gardens,299,11633.5700000000,Weekday mornings,193,3578390,786,0.0000835571,0.3804071247
174,Norwood,290,11857.2600000000,Weekday mornings,194,3578390,786,0.0000810420,0.3689567430
19,Bellerose,281,13397.4500000000,Weekday mornings,195,3578390,786,0.0000785269,0.3575063613
67,Dyker Heights,280,9179.5000000000,Weekday mornings,196,3578390,786,0.0000782475,0.3562340967
20,Belmont,271,9884.9700000000,Weekday mornings,197,3578390,786,0.0000757324,0.3447837150
178,Ocean Parkway South,266,8400.7800000000,Weekday mornings,198,3578390,786,0.0000743351,0.3384223919
122,Hollis,265,11095.7700000000,Weekday mornings,199,3578390,786,0.0000740557,0.3371501272
11,Bath Beach,246,9528.5400000000,Weekday mornings,200,3578390,786,0.0000687460,0.3129770992
202,Roosevelt Island,236,8558.6100000000,Weekday mornings,201,3578390,786,0.0000659514,0.3002544529
201,Rockaway Park,218,11472.0200000000,Weekday mornings,202,3578390,786,0.0000609213,0.2773536896
94,Fordham South,217,8063.6200000000,Weekday mornings,203,3578390,786,0.0000606418,0.2760814249
171,Murray Hill-Queens,212,7648.1200000000,Weekday mornings,204,3578390,786,0.0000592445,0.2697201018
173,North Corona,194,6673.5000000000,Weekday mornings,205,3578390,786,0.0000542143,0.2468193384
150,Manhattan Beach,184,8030.3000000000,Weekday mornings,206,3578390,786,0.0000514198,0.2340966921
183,Pelham Bay,158,6601.0200000000,Weekday mornings,207,3578390,786,0.0000441539,0.2010178117
194,Randalls Island,157,12008.8500000000,Weekday mornings,208,3578390,786,0.0000438745,0.1997455471
98,Fresh Meadows,154,5872.5000000000,Weekday mornings,209,3578390,786,0.0000430361,0.1959287532
53,College Point,153,6945.5300000000,Weekday mornings,210,3578390,786,0.0000427567,0.1946564885
252,Whitestone,126,5571.5600000000,Weekday mornings,211,3578390,786,0.0000352114,0.1603053435
175,Oakland Gardens,123,5235.4400000000,Weekday mornings,212,3578390,786,0.0000343730,0.1564885496
101,Glen Oaks,120,6235.3000000000,Weekday mornings,213,3578390,786,0.0000335346,0.1526717557
153,Marble Hill,118,3833.2700000000,Weekday mornings,214,3578390,786,0.0000329757,0.1501272265
15,Bay Terrace/Fort Totten,115,5217.9300000000,Weekday mornings,215,3578390,786,0.0000321374,0.1463104326
16,Bayside,99,3709.7100000000,Weekday mornings,216,3578390,786,0.0000276661,0.1259541985
34,Brooklyn Navy Yard,98,3514.5100000000,Weekday mornings,217,3578390,786,0.0000273866,0.1246819338
190,Prospect Park,98,2909.8700000000,Weekday mornings,218,3578390,786,0.0000273866,0.1246819338
192,Queensboro Hill,98,3071.8500000000,Weekday mornings,219,3578390,786,0.0000273866,0.1246819338
73,East Flushing,97,4099.3800000000,Weekday mornings,220,3578390,786,0.0000271072,0.1234096692
9,Auburndale,91,3389.3000000000,Weekday mornings,221,3578390,786,0.0000254304,0.1157760814
64,Douglaston,79,3374.2700000000,Weekday mornings,222,3578390,786,0.0000220770,0.1005089059
207,Saint Michaels Cemetery/Woodside,62,3464.6700000000,Weekday mornings,223,3578390,786,0.0000173262,0.0788804071
6,Arrochar/Fort Wadsworth,56,2113.2800000000,Weekday mornings,224,3578390,786,0.0000156495,0.0712468193
1,Newark Airport,48,5700.7300000000,Weekday mornings,225,3578390,786,0.0000134139,0.0610687023
31,Bronx Park,42,1590.4200000000,Weekday mornings,226,3578390,786,0.0000117371,0.0534351145
240,Van Cortlandt Park,41,1727.2000000000,Weekday mornings,227,3578390,786,0.0000114577,0.0521628499
154,Marine Park/Floyd Bennett Field,39,1485.3500000000,Weekday mornings,228,3578390,786,0.0000108988,0.0496183206
221,Stapleton,37,1586.6900000000,Weekday mornings,229,3578390,786,0.0000103398,0.0470737913
120,Highbridge Park,35,1551.6700000000,Weekday mornings,230,3578390,786,0.0000097809,0.0445292621
59,Crotona Park,34,1168.8200000000,Weekday mornings,231,3578390,786,0.0000095015,0.0432569975
128,Inwood Hill Park,30,1322.1400000000,Weekday mornings,232,3578390,786,0.0000083837,0.0381679389
96,Forest Park/Highland Park,27,921.5900000000,Weekday mornings,233,3578390,786,0.0000075453,0.0343511450
58,Country Club,22,1025.9500000000,Weekday mornings,234,3578390,786,0.0000061480,0.0279898219
46,City Island,17,820.2500000000,Weekday mornings,235,3578390,786,0.0000047507,0.0216284987
214,South Beach/Dongan Hills,17,707.4100000000,Weekday mornings,236,3578390,786,0.0000047507,0.0216284987
8,Astoria Park,15,1468.7600000000,Weekday mornings,237,3578390,786,0.0000041918,0.0190839695
23,Bloomfield/Emerson Hill,14,604.5300000000,Weekday mornings,238,3578390,786,0.0000039124,0.0178117048
184,Pelham Bay Park,11,561.8200000000,Weekday mornings,239,3578390,786,0.0000030740,0.0139949109
30,Broad Channel,9,313.3200000000,Weekday mornings,240,3578390,786,0.0000025151,0.0114503817
118,Heartland Village/Todt Hill,9,658.2700000000,Weekday mornings,241,3578390,786,0.0000025151,0.0114503817
115,Grymes Hill/Clifton,8,448.7600000000,Weekday mornings,242,3578390,786,0.0000022356,0.0101781170
253,Willets Point,8,489.9500000000,Weekday mornings,243,3578390,786,0.0000022356,0.0101781170
57,Corona,7,360.5400000000,Weekday mornings,244,3578390,786,0.0000019562,0.0089058524
172,New Dorp/Midland Beach,7,252.1100000000,Weekday mornings,245,3578390,786,0.0000019562,0.0089058524
156,Mariners Harbor,6,285.8400000000,Weekday mornings,246,3578390,786,0.0000016767,0.0076335878
176,Oakwood,6,253.1900000000,Weekday mornings,247,3578390,786,0.0000016767,0.0076335878
251,Westerleigh,6,797.2400000000,Weekday mornings,248,3578390,786,0.0000016767,0.0076335878
109,Great Kills,5,301.1000000000,Weekday mornings,249,3578390,786,0.0000013973,0.0063613232
111,Green-Wood Cemetery,5,223.1100000000,Weekday mornings,250,3578390,786,0.0000013973,0.0063613232
187,Port Richmond,5,239.8700000000,Weekday mornings,251,3578390,786,0.0000013973,0.0063613232
27,Breezy Point/Fort Tilden/Riis Beach,4,269.6900000000,Weekday mornings,252,3578390,786,0.0000011178,0.0050890585
206,Saint George/New Brighton,4,251.5500000000,Weekday mornings,253,3578390,786,0.0000011178,0.0050890585
245,West Brighton,4,250.9200000000,Weekday mornings,254,3578390,786,0.0000011178,0.0050890585
2,Jamaica Bay,3,177.1400000000,Weekday mornings,255,3578390,786,0.0000008384,0.0038167939
199,Rikers Island,3,180.8200000000,Weekday mornings,256,3578390,786,0.0000008384,0.0038167939
84,Eltingville/Annadale/Prince's Bay,1,24.7400000000,Weekday mornings,257,3578390,786,0.0000002795,0.0012722646
79,East Village,275267,6302967.4000000004,Weekend nights,1,4107220,728,0.0670202716,378.1140109890
249,West Village,250606,5879923.6699999999,Weekend nights,2,4107220,728,0.0610159670,344.2390109890
114,Greenwich Village South,177581,4064531.3199999998,Weekend nights,3,4107220,728,0.0432363010,243.9299450549
132,JFK Airport,162754,13028595.1600000001,Weekend nights,4,4107220,728,0.0396263166,223.5631868132
148,Lower East Side,158384,3902363.5200000000,Weekend nights,5,4107220,728,0.0385623366,217.5604395604
48,Clinton East,151029,3648679.9800000000,Weekend nights,6,4107220,728,0.0367715876,207.4574175824
230,Times Sq/Theatre District,139779,3421672.6800000002,Weekend nights,7,4107220,728,0.0340325086,192.0041208791
142,Lincoln Square East,131780,3006039.3900000001,Weekend nights,8,4107220,728,0.0320849626,181.0164835165
234,Union Sq,124550,2827025.3999999999,Weekend nights,9,4107220,728,0.0303246478,171.0851648352
161,Midtown Center,114571,2621265.4100000001,Weekend nights,10,4107220,728,0.0278950239,157.3777472527
68,East Chelsea,113130,2839800.8100000001,Weekend nights,11,4107220,728,0.0275441783,155.3983516484
107,Gramercy,107924,2339720.2000000002,Weekend nights,12,4107220,728,0.0262766543,148.2472527473
237,Upper East Side South,104714,2146661.0099999998,Weekend nights,13,4107220,728,0.0254951037,143.8379120879
186,Penn Station/Madison Sq West,100772,2644249.7900000000,Weekend nights,14,4107220,728,0.0245353305,138.4230769231
164,Midtown South,99426,2296936.1400000001,Weekend nights,15,4107220,728,0.0242076149,136.5741758242
144,Little Italy/NoLiTa,95375,2211510.5699999998,Weekend nights,16,4107220,728,0.0232213030,131.0096153846
158,Meatpacking/West Village West,95021,2243590.4100000001,Weekend nights,17,4107220,728,0.0231351133,130.5233516484
90,Flatiron,87536,2006179.3800000001,Weekend nights,18,4107220,728,0.0213127127,120.2417582418
113,Greenwich Village North,86391,1980402.1299999999,Weekend nights,19,4107220,728,0.0210339354,118.6689560440
170,Murray Hill,83533,1859558.7600000000,Weekend nights,20,4107220,728,0.0203380876,114.7431318681
163,Midtown North,83133,1885150.9199999999,Weekend nights,21,4107220,728,0.0202406981,114.1936813187
239,Upper West Side South,81589,1796493.1899999999,Weekend nights,22,4107220,728,0.0198647747,112.0728021978
231,TriBeCa/Civic Center,74925,1878864.7400000000,Weekend nights,23,4107220,728,0.0182422661,102.9189560440
162,Midtown East,74676,1664752.6899999999,Weekend nights,24,4107220,728,0.0181816411,102.5769230769
141,Lenox Hill West,70943,1478732.6100000001,Weekend nights,25,4107220,728,0.0172727538,97.4491758242
236,Upper East Side North,68218,1433284.9500000000,Weekend nights,26,4107220,728,0.0166092880,93.7060439560
263,Yorkville West,67797,1445962.3500000001,Weekend nights,27,4107220,728,0.0165067856,93.1277472527
246,West Chelsea/Hudson Yards,67737,1647592.4600000000,Weekend nights,28,4107220,728,0.0164921772,93.0453296703
138,LaGuardia Airport,67698,4272218.4500000002,Weekend nights,29,4107220,728,0.0164826817,92.9917582418
211,SoHo,60398,1390961.6499999999,Weekend nights,30,4107220,728,0.0147053238,82.9642857143
229,Sutton Place/Turtle Bay North,54640,1164043.1399999999,Weekend nights,31,4107220,728,0.0133034023,75.0549450549
100,Garment District,50032,1230162.6599999999,Weekend nights,32,4107220,728,0.0121814755,68.7252747253
137,Kips Bay,43724,920124.9900000000,Weekend nights,33,4107220,728,0.0106456435,60.0604395604
238,Upper West Side North,37994,824608.2900000000,Weekend nights,34,4107220,728,0.0092505393,52.1895604396
43,Central Park,33455,747855.6600000000,Weekend nights,35,4107220,728,0.0081454122,45.9546703297
140,Lenox Hill East,31060,682589.7900000000,Weekend nights,36,4107220,728,0.0075622927,42.6648351648
87,Financial District North,30534,883163.4100000000,Weekend nights,37,4107220,728,0.0074342256,41.9423076923
125,Hudson Sq,29965,702699.8800000000,Weekend nights,38,4107220,728,0.0072956891,41.1607142857
233,UN/Turtle Bay South,29809,654005.8800000000,Weekend nights,39,4107220,728,0.0072577072,40.9464285714
4,Alphabet City,25070,591455.7700000000,Weekend nights,40,4107220,728,0.0061038854,34.4368131868
50,Clinton West,24644,577080.4700000000,Weekend nights,41,4107220,728,0.0060001656,33.8516483516
143,Lincoln Square West,22988,515477.2700000000,Weekend nights,42,4107220,728,0.0055969731,31.5769230769
262,Yorkville East,17756,396137.1600000000,Weekend nights,43,4107220,728,0.0043231188,24.3901098901
209,Seaport,15833,443070.5500000000,Weekend nights,44,4107220,728,0.0038549189,21.7486263736
151,Manhattan Valley,15782,349738.1800000000,Weekend nights,45,4107220,728,0.0038425017,21.6785714286
88,Financial District South,14470,440022.0300000000,Weekend nights,46,4107220,728,0.0035230643,19.8763736264
261,World Trade Center,14285,418130.0200000000,Weekend nights,47,4107220,728,0.0034780216,19.6222527473
255,Williamsburg (North Side),13366,394205.9400000000,Weekend nights,48,4107220,728,0.0032542693,18.3598901099
232,Two Bridges/Seward Park,12434,335107.1300000000,Weekend nights,49,4107220,728,0.0030273518,17.0796703297
75,East Harlem South,12379,260619.6300000000,Weekend nights,50,4107220,728,0.0030139608,17.0041208791
166,Morningside Heights,12012,281024.6100000000,Weekend nights,51,4107220,728,0.0029246059,16.5000000000
264,Unknown,11011,298124.4100000000,Weekend nights,52,4107220,728,0.0026808888,15.1250000000
13,Battery Park City,10962,312283.4600000000,Weekend nights,53,4107220,728,0.0026689586,15.0576923077
45,Chinatown,10931,289946.6000000000,Weekend nights,54,4107220,728,0.0026614109,15.0151098901
70,East Elmhurst,9853,603436.8800000000,Weekend nights,55,4107220,728,0.0023989462,13.5343406593
41,Central Harlem,9649,207911.2500000000,Weekend nights,56,4107220,728,0.0023492776,13.2541208791
256,Williamsburg (South Side),7384,214311.1200000000,Weekend nights,57,4107220,728,0.0017978097,10.1428571429
74,East Harlem North,6934,149609.1200000000,Weekend nights,58,4107220,728,0.0016882466,9.5247252747
24,Bloomingdale,6320,142381.7400000000,Weekend nights,59,4107220,728,0.0015387537,8.6813186813
224,Stuy Town/Peter Cooper Village,6271,144611.3400000000,Weekend nights,60,4107220,728,0.0015268235,8.6140109890
112,Greenpoint,5676,164093.1100000000,Weekend nights,61,4107220,728,0.0013819567,7.7967032967
80,East Williamsburg,5202,166046.9900000000,Weekend nights,62,4107220,728,0.0012665501,7.1456043956
181,Park Slope,4271,134805.1600000000,Weekend nights,63,4107220,728,0.0010398761,5.8667582418
97,Fort Greene,4268,126752.6300000000,Weekend nights,64,4107220,728,0.0010391457,5.8626373626
42,Central Harlem North,4258,97209.9800000000,Weekend nights,65,4107220,728,0.0010367110,5.8489010989
145,Long Island City/Hunters Point,4010,126612.1500000000,Weekend nights,66,4107220,728,0.0009763295,5.5082417582
33,Brooklyn Heights,3738,112173.9900000000,Weekend nights,67,4107220,728,0.0009101046,5.1346153846
25,Boerum Hill,3735,108743.6800000000,Weekend nights,68,4107220,728,0.0009093742,5.1304945055
93,Flushing Meadows-Corona Park,3437,213056.8700000000,Weekend nights,69,4107220,728,0.0008368191,4.7211538462
65,Downtown Brooklyn/MetroTech,3245,94012.4300000000,Weekend nights,70,4107220,728,0.0007900721,4.4574175824
116,Hamilton Heights,2916,66597.4200000000,Weekend nights,71,4107220,728,0.0007099693,4.0054945055
66,DUMBO/Vinegar Hill,2836,89431.5800000000,Weekend nights,72,4107220,728,0.0006904914,3.8956043956
226,Sunnyside,2587,79028.5700000000,Weekend nights,73,4107220,728,0.0006298664,3.5535714286
244,Washington Heights South,2447,61691.0300000000,Weekend nights,74,4107220,728,0.0005957801,3.3612637363
7,Astoria,2339,61969.5400000000,Weekend nights,75,4107220,728,0.0005694850,3.2129120879
152,Manhattanville,2297,52085.1700000000,Weekend nights,76,4107220,728,0.0005592591,3.1552197802
36,Bushwick North,2068,64975.3200000000,Weekend nights,77,4107220,728,0.0005035036,2.8406593407
37,Bushwick South,1982,58904.5600000000,Weekend nights,78,4107220,728,0.0004825648,2.7225274725
146,Long Island City/Queens Plaza,1749,43520.3200000000,Weekend nights,79,4107220,728,0.0004258355,2.4024725275
61,Crown Heights North,1616,47484.6800000000,Weekend nights,80,4107220,728,0.0003934535,2.2197802198
49,Clinton Hill,1472,41059.5400000000,Weekend nights,81,4107220,728,0.0003583933,2.0219780220
189,Prospect Heights,1357,39102.9500000000,Weekend nights,82,4107220,728,0.0003303938,1.8640109890
95,Forest Hills,1264,43011.9000000000,Weekend nights,83,4107220,728,0.0003077507,1.7362637363
130,Jamaica,1193,49690.9400000000,Weekend nights,84,4107220,728,0.0002904641,1.6387362637
129,Jackson Heights,1148,33482.6600000000,Weekend nights,85,4107220,728,0.0002795078,1.5769230769
17,Bedford,1125,31242.5800000000,Weekend nights,86,4107220,728,0.0002739079,1.5453296703
40,Carroll Gardens,1095,32183.8400000000,Weekend nights,87,4107220,728,0.0002666037,1.5041208791
168,Mott Haven/Port Morris,1070,30802.1400000000,Weekend nights,88,4107220,728,0.0002605168,1.4697802198
82,Elmhurst,989,34368.3700000000,Weekend nights,89,4107220,728,0.0002407955,1.3585164835
52,Cobble Hill,961,27970.3700000000,Weekend nights,90,4107220,728,0.0002339782,1.3200549451
260,Woodside,923,30192.5900000000,Weekend nights,91,4107220,728,0.0002247262,1.2678571429
216,South Ozone Park,922,40797.2600000000,Weekend nights,92,4107220,728,0.0002244827,1.2664835165
223,Steinway,903,35226.6500000000,Weekend nights,93,4107220,728,0.0002198567,1.2403846154
10,Baisley Park,852,61359.5800000000,Weekend nights,94,4107220,728,0.0002074396,1.1703296703
243,Washington Heights North,813,21351.5900000000,Weekend nights,95,4107220,728,0.0001979441,1.1167582418
265,Outside of NYC,804,65077.9500000000,Weekend nights,96,4107220,728,0.0001957528,1.1043956044
157,Maspeth,780,30185.8800000000,Weekend nights,97,4107220,728,0.0001899095,1.0714285714
225,Stuyvesant Heights,751,21914.1700000000,Weekend nights,98,4107220,728,0.0001828487,1.0315934066
106,Gowanus,721,23151.5500000000,Weekend nights,99,4107220,728,0.0001755445,0.9903846154
247,West Concourse,715,27637.3500000000,Weekend nights,100,4107220,728,0.0001740837,0.9821428571
188,Prospect-Lefferts Gardens,677,19935.8400000000,Weekend nights,101,4107220,728,0.0001648317,0.9299450549
76,East New York,670,20763.7200000000,Weekend nights,102,4107220,728,0.0001631274,0.9203296703
179,Old Astoria,636,17654.6200000000,Weekend nights,103,4107220,728,0.0001548493,0.8736263736
228,Sunset Park West,626,23443.5900000000,Weekend nights,104,4107220,728,0.0001524145,0.8598901099
195,Red Hook,625,21297.3200000000,Weekend nights,105,4107220,728,0.0001521711,0.8585164835
89,Flatbush/Ditmas Park,624,18952.3300000000,Weekend nights,106,4107220,728,0.0001519276,0.8571428571
197,Richmond Hill,566,15806.3800000000,Weekend nights,107,4107220,728,0.0001378061,0.7774725275
198,Ridgewood,542,16232.4800000000,Weekend nights,108,4107220,728,0.0001319627,0.7445054945
92,Flushing,492,15762.2600000000,Weekend nights,109,4107220,728,0.0001197891,0.6758241758
219,Springfield Gardens South,437,31917.8900000000,Weekend nights,110,4107220,728,0.0001063980,0.6002747253
215,South Jamaica,434,28382.1700000000,Weekend nights,111,4107220,728,0.0001056676,0.5961538462
62,Crown Heights South,416,12067.4700000000,Weekend nights,112,4107220,728,0.0001012851,0.5714285714
12,Battery Park,406,12834.9900000000,Weekend nights,113,4107220,728,0.0000988503,0.5576923077
56,Corona,391,17381.0600000000,Weekend nights,114,4107220,728,0.0000951982,0.5370879121
177,Ocean Hill,381,10330.2600000000,Weekend nights,115,4107220,728,0.0000927635,0.5233516484
39,Canarsie,365,10516.3100000000,Weekend nights,116,4107220,728,0.0000888679,0.5013736264
28,Briarwood/Jamaica Hills,364,19379.1000000000,Weekend nights,117,4107220,728,0.0000886244,0.5000000000
34,Brooklyn Navy Yard,348,10663.4500000000,Weekend nights,118,4107220,728,0.0000847288,0.4780219780
127,Inwood,317,8980.0800000000,Weekend nights,119,4107220,728,0.0000771812,0.4354395604
159,Melrose South,317,8465.9100000000,Weekend nights,120,4107220,728,0.0000771812,0.4354395604
196,Rego Park,313,11553.9800000000,Weekend nights,121,4107220,728,0.0000762073,0.4299450549
14,Bay Ridge,310,9251.0400000000,Weekend nights,122,4107220,728,0.0000754768,0.4258241758
35,Brownsville,309,9049.1000000000,Weekend nights,123,4107220,728,0.0000752334,0.4244505495
193,Queensbridge/Ravenswood,304,8660.0400000000,Weekend nights,124,4107220,728,0.0000740160,0.4175824176
69,East Concourse/Concourse Village,298,8239.8900000000,Weekend nights,125,4107220,728,0.0000725552,0.4093406593
124,Howard Beach,297,12449.2200000000,Weekend nights,126,4107220,728,0.0000723117,0.4079670330
85,Erasmus,284,9886.5000000000,Weekend nights,127,4107220,728,0.0000691465,0.3901098901
217,South Williamsburg,279,8361.4600000000,Weekend nights,128,4107220,728,0.0000679292,0.3832417582
72,East Flatbush/Remsen Village,275,7681.6600000000,Weekend nights,129,4107220,728,0.0000669553,0.3777472527
51,Co-Op City,268,8887.0200000000,Weekend nights,130,4107220,728,0.0000652509,0.3681318681
134,Kew Gardens,257,9279.3600000000,Weekend nights,131,4107220,728,0.0000625727,0.3530219780
54,Columbia Street,254,7509.1700000000,Weekend nights,132,4107220,728,0.0000618423,0.3489010989
83,Elmhurst/Maspeth,254,7032.7700000000,Weekend nights,133,4107220,728,0.0000618423,0.3489010989
91,Flatlands,254,7767.7200000000,Weekend nights,134,4107220,728,0.0000618423,0.3489010989
160,Middle Village,253,6950.6400000000,Weekend nights,135,4107220,728,0.0000615988,0.3475274725
71,East Flatbush/Farragut,226,6483.0800000000,Weekend nights,136,4107220,728,0.0000550251,0.3104395604
119,Highbridge,212,8511.3900000000,Weekend nights,137,4107220,728,0.0000516164,0.2912087912
55,Coney Island,210,9044.8100000000,Weekend nights,138,4107220,728,0.0000511295,0.2884615385
173,North Corona,208,6214.1100000000,Weekend nights,139,4107220,728,0.0000506425,0.2857142857
208,Schuylerville/Edgewater Park,204,6552.8400000000,Weekend nights,140,4107220,728,0.0000496686,0.2802197802
258,Woodhaven,197,5212.4400000000,Weekend nights,141,4107220,728,0.0000479643,0.2706043956
155,Marine Park/Mill Basin,195,6162.8900000000,Weekend nights,142,4107220,728,0.0000474774,0.2678571429
180,Ozone Park,191,6122.7000000000,Weekend nights,143,4107220,728,0.0000465035,0.2623626374
191,Queens Village,190,7645.8500000000,Weekend nights,144,4107220,728,0.0000462600,0.2609890110
63,Cypress Hills,187,5815.9100000000,Weekend nights,145,4107220,728,0.0000455296,0.2568681319
220,Spuyten Duyvil/Kingsbridge,181,6006.9200000000,Weekend nights,146,4107220,728,0.0000440687,0.2486263736
102,Glendale,180,4356.3800000000,Weekend nights,147,4107220,728,0.0000438253,0.2472527473
257,Windsor Terrace,178,5475.5900000000,Weekend nights,148,4107220,728,0.0000433383,0.2445054945
213,Soundview/Castle Hill,177,5543.3900000000,Weekend nights,149,4107220,728,0.0000430948,0.2431318681
167,Morrisania/Melrose,168,4547.9800000000,Weekend nights,150,4107220,728,0.0000409036,0.2307692308
202,Roosevelt Island,168,5735.2300000000,Weekend nights,151,4107220,728,0.0000409036,0.2307692308
169,Mount Hope,167,4660.8100000000,Weekend nights,152,4107220,728,0.0000406601,0.2293956044
205,Saint Albans,164,6067.7400000000,Weekend nights,153,4107220,728,0.0000399297,0.2252747253
241,Van Cortlandt Village,164,4883.2800000000,Weekend nights,154,4107220,728,0.0000399297,0.2252747253
190,Prospect Park,147,4567.9800000000,Weekend nights,155,4107220,728,0.0000357906,0.2019230769
77,East New York/Pennsylvania Avenue,144,4280.3600000000,Weekend nights,156,4107220,728,0.0000350602,0.1978021978
210,Sheepshead Bay,140,3568.0000000000,Weekend nights,157,4107220,728,0.0000340863,0.1923076923
235,University Heights/Morris Heights,136,3993.9700000000,Weekend nights,158,4107220,728,0.0000331124,0.1868131868
218,Springfield Gardens North,132,4418.2300000000,Weekend nights,159,4107220,728,0.0000321385,0.1813186813
133,Kensington,129,3885.4200000000,Weekend nights,160,4107220,728,0.0000314081,0.1771978022
78,East Tremont,126,3632.2600000000,Weekend nights,161,4107220,728,0.0000306777,0.1730769231
242,Van Nest/Morris Park,121,3815.0700000000,Weekend nights,162,4107220,728,0.0000294603,0.1662087912
18,Bedford Park,119,3539.1000000000,Weekend nights,163,4107220,728,0.0000289734,0.1634615385
53,College Point,118,3842.2300000000,Weekend nights,164,4107220,728,0.0000287299,0.1620879121
135,Kew Gardens Hills,118,3847.7800000000,Weekend nights,165,4107220,728,0.0000287299,0.1620879121
252,Whitestone,118,4373.6900000000,Weekend nights,166,4107220,728,0.0000287299,0.1620879121
222,Starrett City,114,3723.8300000000,Weekend nights,167,4107220,728,0.0000277560,0.1565934066
126,Hunts Point,113,3261.1200000000,Weekend nights,168,4107220,728,0.0000275125,0.1552197802
203,Rosedale,109,4827.6000000000,Weekend nights,169,4107220,728,0.0000265386,0.1497252747
47,Claremont/Bathgate,108,3030.5100000000,Weekend nights,170,4107220,728,0.0000262952,0.1483516484
250,Westchester Village/Unionport,108,3257.4200000000,Weekend nights,171,4107220,728,0.0000262952,0.1483516484
254,Williamsbridge/Olinville,106,3322.0200000000,Weekend nights,172,4107220,728,0.0000258082,0.1456043956
150,Manhattan Beach,104,3426.0900000000,Weekend nights,173,4107220,728,0.0000253213,0.1428571429
201,Rockaway Park,103,3806.8500000000,Weekend nights,174,4107220,728,0.0000250778,0.1414835165
131,Jamaica Estates,101,2935.4800000000,Weekend nights,175,4107220,728,0.0000245908,0.1387362637
121,Hillcrest/Pomonok,100,3251.1000000000,Weekend nights,176,4107220,728,0.0000243474,0.1373626374
194,Randalls Island,98,6238.5400000000,Weekend nights,177,4107220,728,0.0000238604,0.1346153846
200,Riverdale/North Riverdale/Fieldston,97,3279.4200000000,Weekend nights,178,4107220,728,0.0000236169,0.1332417582
16,Bayside,96,3307.0800000000,Weekend nights,179,4107220,728,0.0000233735,0.1318681319
147,Longwood,96,2727.5900000000,Weekend nights,180,4107220,728,0.0000233735,0.1318681319
171,Murray Hill-Queens,96,2937.5900000000,Weekend nights,181,4107220,728,0.0000233735,0.1318681319
182,Parkchester,95,2853.3300000000,Weekend nights,182,4107220,728,0.0000231300,0.1304945055
227,Sunset Park East,95,3052.4600000000,Weekend nights,183,4107220,728,0.0000231300,0.1304945055
248,West Farms/Bronx River,92,2805.7500000000,Weekend nights,184,4107220,728,0.0000223996,0.1263736264
19,Bellerose,91,4033.2600000000,Weekend nights,185,4107220,728,0.0000221561,0.1250000000
86,Far Rockaway,89,3838.1000000000,Weekend nights,186,4107220,728,0.0000216692,0.1222527473
117,Hammels/Arverne,86,3375.9000000000,Weekend nights,187,4107220,728,0.0000209387,0.1181318681
192,Queensboro Hill,85,2543.6200000000,Weekend nights,188,4107220,728,0.0000206953,0.1167582418
26,Borough Park,84,2111.2400000000,Weekend nights,189,4107220,728,0.0000204518,0.1153846154
29,Brighton Beach,84,2961.3500000000,Weekend nights,190,4107220,728,0.0000204518,0.1153846154
22,Bensonhurst West,83,2250.3700000000,Weekend nights,191,4107220,728,0.0000202083,0.1140109890
67,Dyker Heights,82,2994.6300000000,Weekend nights,192,4107220,728,0.0000199648,0.1126373626
60,Crotona Park East,81,2264.2400000000,Weekend nights,193,4107220,728,0.0000197214,0.1112637363
136,Kingsbridge Heights,81,2288.1600000000,Weekend nights,194,4107220,728,0.0000197214,0.1112637363
165,Midwood,81,2224.1300000000,Weekend nights,195,4107220,728,0.0000197214,0.1112637363
20,Belmont,78,2566.7000000000,Weekend nights,196,4107220,728,0.0000189909,0.1071428571
81,Eastchester,78,2693.1700000000,Weekend nights,197,4107220,728,0.0000189909,0.1071428571
123,Homecrest,77,2202.3100000000,Weekend nights,198,4107220,728,0.0000187475,0.1057692308
212,Soundview/Bruckner,77,2175.3500000000,Weekend nights,199,4107220,728,0.0000187475,0.1057692308
174,Norwood,76,2514.2100000000,Weekend nights,200,4107220,728,0.0000185040,0.1043956044
154,Marine Park/Floyd Bennett Field,72,3033.6700000000,Weekend nights,201,4107220,728,0.0000175301,0.0989010989
21,Bensonhurst East,70,1808.4400000000,Weekend nights,202,4107220,728,0.0000170432,0.0961538462
64,Douglaston,70,2839.6300000000,Weekend nights,203,4107220,728,0.0000170432,0.0961538462
101,Glen Oaks,69,2426.4200000000,Weekend nights,204,4107220,728,0.0000167997,0.0947802198
185,Pelham Parkway,69,2049.7200000000,Weekend nights,205,4107220,728,0.0000167997,0.0947802198
3,Allerton/Pelham Gardens,68,2159.0100000000,Weekend nights,206,4107220,728,0.0000165562,0.0934065934
149,Madison,68,1710.7000000000,Weekend nights,207,4107220,728,0.0000165562,0.0934065934
139,Laurelton,65,2314.1200000000,Weekend nights,208,4107220,728,0.0000158258,0.0892857143
259,Woodlawn/Wakefield,61,1975.4200000000,Weekend nights,209,4107220,728,0.0000148519,0.0837912088
108,Gravesend,55,1882.5300000000,Weekend nights,210,4107220,728,0.0000133911,0.0755494505
32,Bronxdale,54,1532.2700000000,Weekend nights,211,4107220,728,0.0000131476,0.0741758242
98,Fresh Meadows,54,1534.3900000000,Weekend nights,212,4107220,728,0.0000131476,0.0741758242
94,Fordham South,53,1839.1800000000,Weekend nights,213,4107220,728,0.0000129041,0.0728021978
122,Hollis,53,1600.9800000000,Weekend nights,214,4107220,728,0.0000129041,0.0728021978
38,Cambria Heights,50,1764.0800000000,Weekend nights,215,4107220,728,0.0000121737,0.0686813187
153,Marble Hill,50,1409.2400000000,Weekend nights,216,4107220,728,0.0000121737,0.0686813187
175,Oakland Gardens,46,1623.9400000000,Weekend nights,217,4107220,728,0.0000111998,0.0631868132
253,Willets Point,40,2224.1200000000,Weekend nights,218,4107220,728,0.0000097389,0.0549450549
183,Pelham Bay,39,1271.2000000000,Weekend nights,219,4107220,728,0.0000094955,0.0535714286
46,City Island,38,1812.8700000000,Weekend nights,220,4107220,728,0.0000092520,0.0521978022
11,Bath Beach,37,1286.4400000000,Weekend nights,221,4107220,728,0.0000090085,0.0508241758
207,Saint Michaels Cemetery/Woodside,37,2503.0500000000,Weekend nights,222,4107220,728,0.0000090085,0.0508241758
15,Bay Terrace/Fort Totten,36,1381.5200000000,Weekend nights,223,4107220,728,0.0000087651,0.0494505495
9,Auburndale,34,1055.5000000000,Weekend nights,224,4107220,728,0.0000082781,0.0467032967
57,Corona,33,1227.1200000000,Weekend nights,225,4107220,728,0.0000080346,0.0453296703
120,Highbridge Park,33,1243.1400000000,Weekend nights,226,4107220,728,0.0000080346,0.0453296703
31,Bronx Park,31,1467.8300000000,Weekend nights,227,4107220,728,0.0000075477,0.0425824176
73,East Flushing,30,835.7300000000,Weekend nights,228,4107220,728,0.0000073042,0.0412087912
178,Ocean Parkway South,28,856.8500000000,Weekend nights,229,4107220,728,0.0000068173,0.0384615385
240,Van Cortlandt Park,28,822.0000000000,Weekend nights,230,4107220,728,0.0000068173,0.0384615385
128,Inwood Hill Park,27,927.5200000000,Weekend nights,231,4107220,728,0.0000065738,0.0370879121
1,Newark Airport,25,1802.9000000000,Weekend nights,232,4107220,728,0.0000060868,0.0343406593
27,Breezy Point/Fort Tilden/Riis Beach,25,1142.7500000000,Weekend nights,233,4107220,728,0.0000060868,0.0343406593
96,Forest Park/Highland Park,25,723.8700000000,Weekend nights,234,4107220,728,0.0000060868,0.0343406593
6,Arrochar/Fort Wadsworth,23,686.0200000000,Weekend nights,235,4107220,728,0.0000055999,0.0315934066
184,Pelham Bay Park,23,1339.1500000000,Weekend nights,236,4107220,728,0.0000055999,0.0315934066
58,Country Club,22,742.2500000000,Weekend nights,237,4107220,728,0.0000053564,0.0302197802
221,Stapleton,17,661.9000000000,Weekend nights,238,4107220,728,0.0000041391,0.0233516484
30,Broad Channel,14,460.1600000000,Weekend nights,239,4107220,728,0.0000034086,0.0192307692
8,Astoria Park,12,598.1600000000,Weekend nights,240,4107220,728,0.0000029217,0.0164835165
118,Heartland Village/Todt Hill,12,671.1800000000,Weekend nights,241,4107220,728,0.0000029217,0.0164835165
172,New Dorp/Midland Beach,12,460.7100000000,Weekend nights,242,4107220,728,0.0000029217,0.0164835165
23,Bloomfield/Emerson Hill,11,614.3600000000,Weekend nights,243,4107220,728,0.0000026782,0.0151098901
214,South Beach/Dongan Hills,10,259.6900000000,Weekend nights,244,4107220,728,0.0000024347,0.0137362637
156,Mariners Harbor,9,584.0500000000,Weekend nights,245,4107220,728,0.0000021913,0.0123626374
2,Jamaica Bay,8,486.6500000000,Weekend nights,246,4107220,728,0.0000019478,0.0109890110
115,Grymes Hill/Clifton,7,345.7100000000,Weekend nights,247,4107220,728,0.0000017043,0.0096153846
251,Westerleigh,7,282.0000000000,Weekend nights,248,4107220,728,0.0000017043,0.0096153846
111,Green-Wood Cemetery,6,196.0600000000,Weekend nights,249,4107220,728,0.0000014608,0.0082417582
176,Oakwood,6,253.0900000000,Weekend nights,250,4107220,728,0.0000014608,0.0082417582
245,West Brighton,6,285.3500000000,Weekend nights,251,4107220,728,0.0000014608,0.0082417582
84,Eltingville/Annadale/Prince's Bay,4,256.3700000000,Weekend nights,252,4107220,728,0.0000009739,0.0054945055
206,Saint George/New Brighton,4,311.0100000000,Weekend nights,253,4107220,728,0.0000009739,0.0054945055
44,Charleston/Tottenville,3,244.2800000000,Weekend nights,254,4107220,728,0.0000007304,0.0041208791
187,Port Richmond,3,116.8700000000,Weekend nights,255,4107220,728,0.0000007304,0.0041208791
5,Arden Heights,2,92.2800000000,Weekend nights,256,4107220,728,0.0000004869,0.0027472527
59,Crotona Park,2,42.9300000000,Weekend nights,257,4107220,728,0.0000004869,0.0027472527
109,Great Kills,1,39.6400000000,Weekend nights,258,4107220,728,0.0000002435,0.0013736264
110,Great Kills Park,1,12.5000000000,Weekend nights,259,4107220,728,0.0000002435,0.0013736264
199,Rikers Island,1,65.8100000000,Weekend nights,260,4107220,728,0.0000002435,0.0013736264
